id,factor,seccion_origen,peso,calificacion,justificacion_peso
F1,Red de distribucion logistica propia con flota vehicular y despacho garantizado en 24 horas,Seccion 3.1.1 CV-03 Logistica de Salida,0.140,4,Representa la principal ventaja competitiva operativa y barrera de entrada frente a distribuidores foraneos
F2,Base historica consolidada de compras y comportamiento transaccional de 8 400 clientes minoristas por mas de 6 anos,Seccion 3.1.2 Activos de Informacion,0.110,4,Activo de informacion estrategico de alto valor para personalizacion comercial y fidelizacion del cliente
F3,Cobertura comercial consolidada con red de agentes zonales y reconocimiento de marca en el canal tradicional macro-sur,Seccion 3.1.1 Marketing y Ventas,0.080,3,Garantiza flujo recurrente de colocacion de productos en las ciudades de Tacna Moquegua Ilo e interior
F4,Procesos comerciales de despacho y facturacion electronica estandarizados e integrados en el ERP central,Seccion 3.1.4 Arquitectura de Aplicaciones,0.090,3,Asegura cumplimiento tributario sin contingencias y estabilidad en la operacion transaccional diaria
D1,Ausencia total de capacidades analiticas de datos inteligencia de negocios (BI) y modelos predictivos de demanda,Seccion 3.1.5 Capacidades de TI,0.100,1,Origina sobrecostos de sobrestock e ineficiencias en compras por decisiones comerciales tomadas a ciegas
D2,Extrema personodependencia: un unico desarrollador concentra la arquitectura y mantenimiento del portal B2B,Seccion 3.1.3 Analisis VRIO,0.120,1,Riesgo operacional severo de paralisis ante renuncia incapacidad o desvinculacion del colaborador unico
D3,Baja adopcion del portal web B2B por minoristas (menos del 8% de pedidos) por falta de experiencia movil adecuada,Seccion 3.1.1 Canales Digitales,0.100,2,Subutiliza la infraestructura digital y mantiene alta dependencia de costos de atencion telefonica y presencial
D4,Gestion del ruteo y asignacion de despachos realizada manualmente en hojas de calculo (concentra 22% del costo operativo),Seccion 3.1.1 CV-03 Logistica,0.130,1,Mayor rubro de gasto operativo ineficiente generando sobreconsumo de combustible y demoras de entrega
D5,Carencia de programa de cumplimiento formal de seguridad y proteccion de datos personales (D. S. 016-2024-JUS),Seccion 3.1.6 Seguridad y Cumplimiento,0.070,1,Exposicion legal critica a sanciones y multas de hasta 100 UIT por parte de la ANPD
D6,Ausencia de redundancia en infraestructura on-premise y falta de pruebas periodicas de restauracion de copias de seguridad,Seccion 3.1.4 Infraestructura de TI,0.060,2,Vulnerabilidad ante fallas de hardware desastres o ataques de ransomware con tiempos de recuperacion inaceptables
