id,factor,seccion_origen,peso,calificacion,justificacion_peso,justificacion_calificacion
O1,Penetracion y adopcion de smartphones e internet movil en comerciantes minoristas (86.4% INEI ENAHO),Seccion 3.3 PE-03,0.130,2,Oportunidad de mercado de mayor alcance para masificar la atencion comercial directa,Respuesta por debajo del promedio: la empresa solo ofrece un portal web no responsivo con 8% de adopcion
O2,Disponibilidad de herramientas SaaS y soluciones cloud de analitica y BI a costos accesibles y escalables,Seccion 3.3 PE-05,0.110,2,Permite democratizar el uso de analitica predictiva sin fuertes inversiones iniciales en hardware,Respuesta por debajo del promedio: no se han implementado herramientas analiticas ni contratado pilotos cloud
O3,Ecosistema regional de talento tecnico egresado de universidades e institutos de la macro-region sur,Seccion 3.2 Entorno Laboral,0.080,2,Fuente cercana de capital humano calificado para el desarrollo y soporte de sistemas,Respuesta por debajo del promedio: no existen convenios academicos pasantias ni programas de reclutamiento activo
O4,Crecimiento sostenido del consumo y actividad comercial mayorista regional en Tacna Moquegua e Ilo,Seccion 3.2 Dinamica de Mercado,0.100,3,Expansion directa del volumen de ventas y penetracion geografica en el sector retail tradicional,Respuesta por encima del promedio: la infraestructura logistica propia atiende eficazmente el flujo de pedidos
O5,Politicas de digitalizacion e interoperabilidad tributaria nacional y facturacion electronica SUNAT,Seccion 3.3 PE-01,0.070,3,Habilita simplificacion de integraciones transaccionales y confianza en el comercio electronico,Respuesta por encima del promedio: el ERP emite y sincroniza comprobantes electronicos de manera continua y sin fallas
A1,Entrada de plataformas y mayoristas digitales foraneos con modelos de atencion movil y despacho centralizado,Seccion 3.2 Competencia de Mercado,0.120,2,Amenaza de desintermediacion y perdida progresiva de cartera ante competidores agiles,Respuesta por debajo del promedio: la empresa sostiene su ventaja solo en la entrega fisica pero sin canal movil competitivo
A2,Fin de soporte oficial del fabricante para el sistema operativo y base de datos del servidor ERP central,Seccion 3.3 PE-04,0.140,1,Riesgo critico de continuidad operacional fallas de seguridad y paralisis de compras/ventas,Respuesta deficiente: no se ha iniciado la migracion a la nube ni presupuestado formalmente el reemplazo
A3,Fiscalizaciones y multas coercitivas de hasta 100 UIT por el Nuevo Reglamento de Proteccion de Datos (D. S. 016-2024-JUS),Seccion 3.3 PE-08,0.090,1,Riesgo de sanciones economicas severas y dano reputacional ante denuncias de clientes o empleados,Respuesta deficiente: ausencia total de registro de bancos de datos consentimientos informados y politicas formales
A4,Volatilidad cambiaria que encarece adquisicion de hardware licenciamiento y servicios cloud en dolares,Seccion 3.3 PE-02,0.080,2,Impacta el presupuesto operativo de TI ante variaciones inesperadas del tipo de cambio,Respuesta por debajo del promedio: no se han establecido coberturas cambiarias ni renegociacion de tarifas a soles
A5,Alta rotacion de profesionales tecnicos en el sector TI y atraccion de talento por trabajo remoto multinacional,Seccion 3.2 Mercado Laboral TI,0.080,1,Amenaza directa de perdida de colaboradores estrategicos en un mercado con alta demanda salarial,Respuesta deficiente: carencia absoluta de planes de retencion incentivos o documentacion que mitigue la fuga del desarrollador
