id,Tipo,Factores cruzados,Estrategia,Objetivo al que apunta,Proyecto candidato,Prioridad preliminar
E-01,FO,F2 + O1 + O2,Aprovechar la base historica de compras de 8 400 clientes (F2) y la masiva adopcion de smartphones del segmento minorista (O1) mediante el despliegue de una aplicacion movil B2B con algoritmos de analitica SaaS (O2) para recomendacion automatizada de surtido de reposicion recurrente,Aumentar la participacion de pedidos por canal digital al 35% de la cartera,Canal Digital B2B Movil con Motor de Recomendacion,Alta
E-02,FO,F1 + O4,Aprovechar la red de distribucion logistica propia con entrega en 24 h (F1) para capturar el crecimiento del consumo comercial de la macro-region sur (O4) mediante planificacion y consolidacion inteligente de rutas interdepartamentales,Reducir el costo unitario de despacho logistico e incrementar cobertura,Sistema de Ruteo Dinamico y Despacho Inteligente,Alta
E-03,FO,F4 + O5,Aprovechar la estandarizacion e integracion transaccional del ERP (F4) conectandolo con pasarelas de interoperabilidad y pagos digitales (O5) para habilitar cobro electronico y conciliacion bancaria automatizada en tiempo real,Reducir el ciclo operativo de caja y conciliacion a menos de 2 horas diarias,Integracion de Pagos Digitales e Interoperabilidad Financiera,Media
E-04,FA,F1 + A1,Usar la red de distribucion fisica propia con entrega garantizada en 24 h (F1) para neutralizar la entrada de mayoristas digitales foraneos sin logistica local (A1) transformando la velocidad de entrega y la trazabilidad GPS en un diferencial verificable,Retener y blindar al 95% de los clientes clave ante plataformas foraneas,Portal de Trazabilidad de Despachos y Prueba Digital de Entrega,Alta
E-05,FA,F4 + A2,Usar la estabilidad de procesos y reglas de negocio del ERP actual (F4) como especificacion funcional para migrar a una arquitectura ERP Cloud moderna antes de la fecha perentoria de fin de soporte del fabricante (A2),Asegurar la continuidad operativa del negocio y cero tiempo de inactividad no planificado,Migracion y Modernizacion de la Plataforma ERP a la Nube,Critica
E-06,FA,F2 + A4,Utilizar la base historica de 8 400 clientes y sus curvas de demanda (F2) para calibrar compras por volumen y coberturas de stock en moneda nacional mitigando la exposicion a la volatilidad cambiaria (A4),Proteger el margen bruto operativo en al menos 4 puntos porcentuales frente al tipo de cambio,Modulo Analitico de Planificacion de Compras y Cobertura de Precios,Alta
E-07,DO,D1 + O2 + O3,Superar la ausencia total de capacidad analitica interna (D1) aprovechando herramientas SaaS de Business Intelligence de bajo costo (O2) y reclutando talento tecnico egresado de la macro-region sur (O3) para instaurar gobernanza del dato y cuadros de mando gerenciales,Habilitar la toma de decisiones comerciales y logisticas basada en datos,Gobierno del Dato y Tablero de Inteligencia de Negocios (BI),Alta
E-08,DO,D3 + O1,Superar la baja tasa de adopcion del portal web B2B (D3) capitalizando la masiva tenencia de smartphones en comerciantes minoristas (O1) mediante un rediseno mobile-first PWA intuitivo y un programa presencial de acompanamiento y capacitacion al bodeguero,Elevar la tasa de adopcion del canal de pedidos digital del 8% al 40% en 18 meses,Rediseno Mobile PWA y Programa de Fidelizacion Digital B2B,Alta
E-09,DO,D4 + O2,Superar la ineficiencia del ruteo manual en hojas de calculo que absorbe el 22% del costo operativo (D4) adoptando una solucion SaaS de optimizacion de flotas y ruteo vehicular con geocodificacion algoritmica (O2),Reducir el gasto operativo de transporte y combustible en un 18%,Implementacion de Solucion SaaS de Ruteo y Despacho Vehicular,Critica
E-10,DA,D2 + A5,Reducir la dependencia extrema de un unico desarrollador (D2) para mitigar el riesgo critico de rotacion y fuga de talento tecnico en TI (A5) mediante documentacion integral de arquitectura repositorios DevOps y contratacion de un segundo perfil de ingenieria,Eliminar el riesgo operacional por personodependencia tecnica,Gestion del Conocimiento Repositorios DevOps y Redundancia de Personal TI,Critica
E-11,DA,D5 + A3,Subsanar la carencia absoluta de un programa de cumplimiento de seguridad de datos (D5) para neutralizar la exposicion a multas coercitivas de hasta 100 UIT ante el nuevo Reglamento de Proteccion de Datos Personales (A3) mediante registro formal de bancos y politicas ISO 27001,Alcanzar cumplimiento pleno del marco regulatorio de datos personales (D. S. 016-2024-JUS),Programa de Cumplimiento Normativo de Proteccion de Datos y Ciberseguridad,Critica
E-12,DA,D6 + A2,Resolver la falta de redundancia y copias de seguridad no verificadas (D6) frente a la inminente obsolescencia y fin de soporte del servidor ERP (A2) implementando un esquema de respaldo inmutable en la nube (regla 3-2-1) y pruebas semestrales de restauracion,Garantizar la resiliencia y recuperacion de desastres con RTO menor a 4 horas y RPO menor a 1 hora,Plan de Continuidad Operativa Copias Inmutables Cloud y DRP,Critica
