Evidencia del diagnostico,Seccion de origen,Factor F/D/O/A,Estrategia,Objetivo (Seccion 6.2),Proyecto (Seccion 7.1)
El ruteo se gestiona en hoja de calculo manual (Excel) y concentra el 22% del costo operativo total,Seccion 3.1.1 CV-03 Logistica,D4,E-09,Reducir el costo logistico de despacho en un 18% y suprimir fallas de entrega,Implementacion de Solucion SaaS de Ruteo y Despacho Vehicular
El fabricante anuncio oficialmente el fin de soporte del sistema operativo y base de datos del ERP central,Seccion 3.3 PE-04,A2,E-05 E-12,Asegurar la continuidad operativa ininterrumpida y eliminar riesgos de vulnerabilidad,Migracion y Modernizacion de la Plataforma ERP a la Nube
Un unico desarrollador interno concentra la arquitectura logica y mantenimiento del portal web B2B,Seccion 3.1.3 Analisis VRIO,D2,E-10,Eliminar el riesgo operacional por personodependencia tecnica y estandarizar repositorios,Gestion del Conocimiento Repositorios DevOps y Redundancia de Personal TI
Red de distribucion logistica propia con flota vehicular y despacho garantizado en 24 horas,Seccion 3.1.1 CV-03 Logistica de Salida,F1,E-02 E-04,Expandir la cobertura macro-sur y fidelizar al 95% de la cartera ante competidores foraneos,Sistema de Ruteo Dinamico y Despacho Inteligente
Base historica consolidada de compras y transacciones de 8 400 clientes minoristas por mas de 6 anos,Seccion 3.1.2 Activos de Informacion,F2,E-01 E-06,Incrementar la participacion digital al 35% y proteger margenes ante variaciones del tipo de cambio,Canal Digital B2B Movil con Motor de Recomendacion
El 86.4% de comerciantes y microempresarios de la macro-region sur cuenta con smartphones con internet movil,Seccion 3.3 PE-03,O1,E-01 E-08,Elevar la tasa de adopcion del canal de pedidos digital del 8% al 40% en 18 meses,Rediseno Mobile PWA y Programa de Fidelizacion Digital B2B
Toma de decisiones de inventario y compras realizada por intuicion sin analitica ni modelos de demanda,Seccion 3.1.5 Capacidades de TI,D1,E-07,Habilitar la toma de decisiones basada en datos mediante gobernanza y tableros gerenciales,Gobierno del Dato y Tablero de Inteligencia de Negocios (BI)
Disponibilidad en el mercado de herramientas SaaS y soluciones cloud de analitica y BI a costos accesibles,Seccion 3.3 PE-05,O2,E-01 E-07 E-09,Democratizar el acceso a analitica predictiva y optimizacion sin Capex elevado en hardware,Plataforma SaaS de Inteligencia de Negocios y Analitica Comercial
Baja adopcion del portal web B2B actual (<8% de pedidos) por falta de diseno mobile-first intuitivo,Seccion 3.1.1 Canales Digitales,D3,E-08,Masificar el autoservicio de pedidos y descongestionar los canales de venta presencial,Rediseno Mobile PWA y Programa de Fidelizacion Digital B2B
Entrada en vigencia del D. S. 016-2024-JUS con fiscalizaciones punitivas y multas de hasta 100 UIT de la ANPD,Seccion 3.3 PE-08,A3,E-11,Alcanzar 100% de cumplimiento legal en proteccion de datos personales y seguridad,Programa de Cumplimiento Normativo de Proteccion de Datos y Ciberseguridad
Ausencia de politicas de seguridad registro de bancos de datos personales y consentimientos expresos,Seccion 3.1.6 Seguridad y Cumplimiento,D5,E-11,Blindar a la empresa ante contingencias regulatorias y brechas de informacion sensible,Adecuacion de Politicas de Privacidad y Gobierno de Datos Personales
Carencia de redundancia en infraestructura on-premise y falta de pruebas periodicas de recuperacion de copias,Seccion 3.1.4 Infraestructura de TI,D6,E-12,Garantizar resiliencia y recuperacion ante desastres con RTO menor a 4h y RPO menor a 1h,Plan de Continuidad Operativa Copias Inmutables Cloud y DRP
